"Tweet id","Tweet permalink","Tweet text","time","impressions","engagements","engagement rate","retweets","replies","likes","user profile clicks","url clicks","hashtag clicks","detail expands","permalink clicks","app opens","app installs","follows","email tweet","dial phone","media views","media engagements","promoted impressions","promoted engagements","promoted engagement rate","promoted retweets","promoted replies","promoted likes","promoted user profile clicks","promoted url clicks","promoted hashtag clicks","promoted detail expands","promoted permalink clicks","promoted app opens","promoted app installs","promoted follows","promoted email tweet","promoted dial phone","promoted media views","promoted media engagements"
"1333331556333625344","https://twitter.com/harishkgarg/status/1333331556333625344","Hahahaha. This is awesome. https://t.co/cOzBV5ExMW","2020-11-30 08:46 +0000","81.0","1.0","0.012345679012345678","0.0","0.0","1.0","0.0","0.0","0.0","0.0","0.0","0","0","0","0","0","0","0","-","-","-","-","-","-","-","-","-","-","-","-","-","-","-","-","-","-"
"1333067892930211841","https://twitter.com/harishkgarg/status/1333067892930211841","@GetTheAudience @IndieHackers @arvidkahl @rohangilkes @ryanckulp","2020-11-29 15:18 +0000","46.0","4.0","0.08695652173913043","0.0","0.0","3.0","0.0","0.0","0.0","1.0","0.0","0","0","0","0","0","0","0","-","-","-","-","-","-","-","-","-","-","-","-","-","-","-","-","-","-"
"1332935648756449281","https://twitter.com/harishkgarg/status/1332935648756449281","@visakanv Anxiety about losing followers and excitement when gaining some, IMHO, are 2 sides of the same coin.

to get rid of one, stop paying attention to the other.","2020-11-29 06:33 +0000","164.0","12.0","0.07317073170731707","0.0","0.0","4.0","4.0","0.0","0.0","4.0","0.0","0","0","0","0","0","0","0","-","-","-","-","-","-","-","-","-","-","-","-","-","-","-","-","-","-"
"1332933093267685380","https://twitter.com/harishkgarg/status/1332933093267685380","@Nutlope True for books and then some(courses, tutorials, etc.).

Redoing some reactjs exercises again after a couple of years - the rate of information soaking 2nd time is amazing.","2020-11-29 06:23 +0000","146.0","2.0","0.0136986301369863","0.0","1.0","1.0","0.0","0.0","0.0","0.0","0.0","0","0","0","0","0","0","0","-","-","-","-","-","-","-","-","-","-","-","-","-","-","-","-","-","-"
"1332901948060622848","https://twitter.com/harishkgarg/status/1332901948060622848","@MatterSignal None. 

IMHO, putting no in front of something gives negative vibes.

How about Beyond Code?","2020-11-29 04:19 +0000","74.0","5.0","0.06756756756756757","0.0","1.0","1.0","1.0","0.0","0.0","2.0","0.0","0","0","0","0","0","0","0","-","-","-","-","-","-","-","-","-","-","-","-","-","-","-","-","-","-"
"1332896935485730817","https://twitter.com/harishkgarg/status/1332896935485730817","@KyleTibbitts And ones perception can be warped by exposure to too much of macro by the mass media.","2020-11-29 03:59 +0000","24.0","0.0","0.0","0.0","0.0","0.0","0.0","0.0","0.0","0.0","0.0","0","0","0","0","0","0","0","-","-","-","-","-","-","-","-","-","-","-","-","-","-","-","-","-","-"
"1332881614792114176","https://twitter.com/harishkgarg/status/1332881614792114176","This is an excellent curated list of people creating amazing content online, put together by @sriramk 

To make it easier, I just created a Twitter list out of this thread - https://t.co/KhIUUlxFJ7 https://t.co/ppvY0EtafM","2020-11-29 02:58 +0000","92.0","1.0","0.010869565217391304","0.0","0.0","0.0","0.0","1.0","0.0","0.0","0.0","0","0","0","0","0","0","0","-","-","-","-","-","-","-","-","-","-","-","-","-","-","-","-","-","-"
"1332867557250875392","https://twitter.com/harishkgarg/status/1332867557250875392","@hnshah Edit button but enabled only for a time limited period, say 60 seconds.","2020-11-29 02:02 +0000","188.0","4.0","0.02127659574468085","0.0","0.0","2.0","0.0","0.0","0.0","2.0","0.0","0","0","0","0","0","0","0","-","-","-","-","-","-","-","-","-","-","-","-","-","-","-","-","-","-"
"1332653063874650115","https://twitter.com/harishkgarg/status/1332653063874650115","@alicellemee @david_perell @mkobach This is not just a twitter success guide. 

The Notion document itself is an excellent example of how to take notes efficiently.

Saved. üôå","2020-11-28 11:50 +0000","157.0","5.0","0.03184713375796178","0.0","0.0","1.0","2.0","0.0","0.0","2.0","0.0","0","0","0","0","0","0","0","-","-","-","-","-","-","-","-","-","-","-","-","-","-","-","-","-","-"
"1332504548196302850","https://twitter.com/harishkgarg/status/1332504548196302850","@hnshah üë©‚ÄçüîßWhat are they working on right now
üìãPast projects
üîóLink to Twitter","2020-11-28 02:00 +0000","30.0","0.0","0.0","0.0","0.0","0.0","0.0","0.0","0.0","0.0","0.0","0","0","0","0","0","0","0","-","-","-","-","-","-","-","-","-","-","-","-","-","-","-","-","-","-"
"1332360125198176264","https://twitter.com/harishkgarg/status/1332360125198176264","@PierreDeWulf @ahrefs they should.üí∞","2020-11-27 16:26 +0000","68.0","2.0","0.029411764705882353","0.0","0.0","0.0","0.0","0.0","0.0","2.0","0.0","0","0","0","0","0","0","0","-","-","-","-","-","-","-","-","-","-","-","-","-","-","-","-","-","-"
"1332208091740336129","https://twitter.com/harishkgarg/status/1332208091740336129","Something new I have noticed...

Google News has a separate From Twitter section now when you click on Full Coverage for a news item. üëáüèΩ https://t.co/JhWRLSujFr","2020-11-27 06:22 +0000","115.0","4.0","0.034782608695652174","0.0","0.0","0.0","0.0","0.0","0.0","1.0","0.0","0","0","0","0","0","11","3","-","-","-","-","-","-","-","-","-","-","-","-","-","-","-","-","-","-"
"1332198578807160832","https://twitter.com/harishkgarg/status/1332198578807160832","Post Practical Stuff and It will earn you

üíôLikes
üîñBookmarks
‚úÖRetweets
üëçüèΩFollows","2020-11-27 05:44 +0000","91.0","1.0","0.01098901098901099","0.0","0.0","1.0","0.0","0.0","0.0","0.0","0.0","0","0","0","0","0","0","0","-","-","-","-","-","-","-","-","-","-","-","-","-","-","-","-","-","-"
"1332196166721630211","https://twitter.com/harishkgarg/status/1332196166721630211","An inspiration tweet now and then is fine, just don't turn into a fortune cookie quote generator.

Might not even get a lot of engagements and might earn you some unfollows.","2020-11-27 05:34 +0000","129.0","4.0","0.031007751937984496","0.0","1.0","1.0","2.0","0.0","0.0","0.0","0.0","0","0","0","0","0","0","0","-","-","-","-","-","-","-","-","-","-","-","-","-","-","-","-","-","-"
"1332194396201127936","https://twitter.com/harishkgarg/status/1332194396201127936","@Julian Launch the micro-saas I am working on.","2020-11-27 05:27 +0000","900.0","8.0","0.008888888888888889","0.0","0.0","2.0","5.0","0.0","0.0","1.0","0.0","0","0","0","0","0","0","0","-","-","-","-","-","-","-","-","-","-","-","-","-","-","-","-","-","-"
"1332189844391354369","https://twitter.com/harishkgarg/status/1332189844391354369","@ThisIsFranzou Lots of usable information in this thread. üëè

Redditlist is a good tool to find out what subs are popular or upcoming.","2020-11-27 05:09 +0000","40.0","4.0","0.1","0.0","0.0","1.0","2.0","0.0","0.0","1.0","0.0","0","0","0","0","0","0","0","-","-","-","-","-","-","-","-","-","-","-","-","-","-","-","-","-","-"
"1332144937178066944","https://twitter.com/harishkgarg/status/1332144937178066944","@upen946 üî• read.

Love the how to implement section at the end.

I am working on my first SaaS in this area(started end of Oct)","2020-11-27 02:11 +0000","68.0","5.0","0.07352941176470588","0.0","1.0","1.0","0.0","0.0","0.0","3.0","0.0","0","0","0","0","0","0","0","-","-","-","-","-","-","-","-","-","-","-","-","-","-","-","-","-","-"
"1331576708357505024","https://twitter.com/harishkgarg/status/1331576708357505024","@soheilpro @PostSheetHQ Depends upon whether it's a brandable or a generic name

brandable is always better.","2020-11-25 12:33 +0000","90.0","2.0","0.022222222222222223","0.0","1.0","0.0","1.0","0.0","0.0","0.0","0.0","0","0","0","0","0","0","0","-","-","-","-","-","-","-","-","-","-","-","-","-","-","-","-","-","-"
"1331571901945180162","https://twitter.com/harishkgarg/status/1331571901945180162","üò≠ https://t.co/EGhwsMqpl7","2020-11-25 12:14 +0000","103.0","0.0","0.0","0.0","0.0","0.0","0.0","0.0","0.0","0.0","0.0","0","0","0","0","0","0","0","-","-","-","-","-","-","-","-","-","-","-","-","-","-","-","-","-","-"
"1331293475266908168","https://twitter.com/harishkgarg/status/1331293475266908168","@mijustin 6am","2020-11-24 17:47 +0000","78.0","0.0","0.0","0.0","0.0","0.0","0.0","0.0","0.0","0.0","0.0","0","0","0","0","0","0","0","-","-","-","-","-","-","-","-","-","-","-","-","-","-","-","-","-","-"
"1331152266498166784","https://twitter.com/harishkgarg/status/1331152266498166784","@Tarun_Lak This is just....wow.üòÇüëè","2020-11-24 08:26 +0000","48.0","1.0","0.020833333333333332","0.0","0.0","1.0","0.0","0.0","0.0","0.0","0.0","0","0","0","0","0","0","0","-","-","-","-","-","-","-","-","-","-","-","-","-","-","-","-","-","-"
"1330904744286593033","https://twitter.com/harishkgarg/status/1330904744286593033","@GetTheAudience dropped some feedback in the DM.","2020-11-23 16:03 +0000","26.0","3.0","0.11538461538461539","0.0","1.0","0.0","0.0","0.0","0.0","2.0","0.0","0","0","0","0","0","0","0","-","-","-","-","-","-","-","-","-","-","-","-","-","-","-","-","-","-"
"1330874737115893763","https://twitter.com/harishkgarg/status/1330874737115893763","@GetTheAudience Thanks Matthias I will check it out.","2020-11-23 14:03 +0000","27.0","0.0","0.0","0.0","0.0","0.0","0.0","0.0","0.0","0.0","0.0","0","0","0","0","0","0","0","-","-","-","-","-","-","-","-","-","-","-","-","-","-","-","-","-","-"
"1330848015595184130","https://twitter.com/harishkgarg/status/1330848015595184130","@AbhishekLpd @talktostefan @neiltyson Stuff To Blow Your Mind
Stuff You Missed in History Class

Both are podcasts.","2020-11-23 12:17 +0000","59.0","3.0","0.05084745762711865","0.0","0.0","2.0","0.0","0.0","0.0","1.0","0.0","0","0","0","0","0","0","0","-","-","-","-","-","-","-","-","-","-","-","-","-","-","-","-","-","-"
"1330846425198907394","https://twitter.com/harishkgarg/status/1330846425198907394","@jakobgreenfeld wow.

It's brilliant. congrats on the launch üëèüèΩ","2020-11-23 12:11 +0000","93.0","2.0","0.021505376344086023","0.0","0.0","1.0","1.0","0.0","0.0","0.0","0.0","0","0","0","0","0","0","0","-","-","-","-","-","-","-","-","-","-","-","-","-","-","-","-","-","-"
"1330840420968923142","https://twitter.com/harishkgarg/status/1330840420968923142","@jakobgreenfeld How many records are there currently in the airtable?","2020-11-23 11:47 +0000","338.0","7.0","0.020710059171597635","0.0","1.0","1.0","0.0","0.0","0.0","5.0","0.0","0","0","0","0","0","0","0","-","-","-","-","-","-","-","-","-","-","-","-","-","-","-","-","-","-"
"1330817105042673667","https://twitter.com/harishkgarg/status/1330817105042673667","@brunoraljic That CTA was üî•","2020-11-23 10:14 +0000","53.0","2.0","0.03773584905660377","0.0","0.0","1.0","1.0","0.0","0.0","0.0","0.0","0","0","0","0","0","0","0","-","-","-","-","-","-","-","-","-","-","-","-","-","-","-","-","-","-"
"1330800737379438593","https://twitter.com/harishkgarg/status/1330800737379438593","@AbhishekLpd @panphora We need to get you coding.","2020-11-23 09:09 +0000","22.0","3.0","0.13636363636363635","0.0","1.0","2.0","0.0","0.0","0.0","0.0","0.0","0","0","0","0","0","0","0","-","-","-","-","-","-","-","-","-","-","-","-","-","-","-","-","-","-"
"1330798596560539648","https://twitter.com/harishkgarg/status/1330798596560539648","@AbhishekLpd @panphora Upvoted only because he is your friendüòú","2020-11-23 09:01 +0000","59.0","4.0","0.06779661016949153","0.0","2.0","2.0","0.0","0.0","0.0","0.0","0.0","0","0","0","0","0","0","0","-","-","-","-","-","-","-","-","-","-","-","-","-","-","-","-","-","-"
"1330789699963686912","https://twitter.com/harishkgarg/status/1330789699963686912","@arvidkahl @swyx I wish Twitter lets one set up polls with ranked choices.

like for example, I prefer pdf first, ePub second, and so forth.

Polls like these don't capture that.","2020-11-23 08:26 +0000","55.0","1.0","0.01818181818181818","0.0","0.0","1.0","0.0","0.0","0.0","0.0","0.0","0","0","0","0","0","0","0","-","-","-","-","-","-","-","-","-","-","-","-","-","-","-","-","-","-"
"1330781166195015687","https://twitter.com/harishkgarg/status/1330781166195015687","3. add ""starter"" tier (&lt; $49) and ""enterprise"" tier (&gt; $49)
4. introduce free plan

He recommends introducing a free plan at this stage. And his approach is to do this to discourage competition.

IMHO this is a great pricing strategy for a yet to launch or just launched SaaS.","2020-11-23 07:52 +0000","194.0","8.0","0.041237113402061855","0.0","1.0","1.0","1.0","1.0","0.0","4.0","0.0","0","0","0","0","0","0","0","-","-","-","-","-","-","-","-","-","-","-","-","-","-","-","-","-","-"
"1330780036224303104","https://twitter.com/harishkgarg/status/1330780036224303104","2. ""ship 100+ features, raise to $49""
Ryan clarified  $49 is X*2.5 where X is the paid tier from step 1.

You are providing more value so increasing the price makes sense.
Ryan suggests grandfathering early users This could be a hook for users to sign-up early.","2020-11-23 07:47 +0000","200.0","18.0","0.09","0.0","2.0","1.0","3.0","0.0","0.0","12.0","0.0","0","0","0","0","0","0","0","-","-","-","-","-","-","-","-","-","-","-","-","-","-","-","-","-","-"
"1330778579643162627","https://twitter.com/harishkgarg/status/1330778579643162627","1. Launch with a one paid tier with - No free tier at this stage.

The reasoning behind this is to get the right kind of customers on-board in the beginning.  Getting lots of free tier users might skew your product/market fit. The free tier has a place, but not in the beginning.","2020-11-23 07:41 +0000","114.0","3.0","0.02631578947368421","0.0","2.0","1.0","0.0","0.0","0.0","0.0","0.0","0","0","0","0","0","0","0","-","-","-","-","-","-","-","-","-","-","-","-","-","-","-","-","-","-"
"1330777041684185088","https://twitter.com/harishkgarg/status/1330777041684185088","My takeaways from the SaaS pricing tweet from @ryanckulp

üëáüèΩ https://t.co/TTisb6s785","2020-11-23 07:35 +0000","2580.0","123.0","0.047674418604651166","1.0","4.0","7.0","4.0","0.0","0.0","107.0","0.0","0","0","0","0","0","0","0","-","-","-","-","-","-","-","-","-","-","-","-","-","-","-","-","-","-"
"1330776665132187648","https://twitter.com/harishkgarg/status/1330776665132187648","@GetTheAudience Looking forward to sirüëçüèΩ","2020-11-23 07:34 +0000","43.0","2.0","0.046511627906976744","0.0","1.0","0.0","0.0","0.0","0.0","1.0","0.0","0","0","0","0","0","0","0","-","-","-","-","-","-","-","-","-","-","-","-","-","-","-","-","-","-"
"1330768405134098432","https://twitter.com/harishkgarg/status/1330768405134098432","""The goal is not to read a book, the goal is to become a reader. The goal is not to run a marathon, the goal is to become a runner. The goal is not to learn an instrument, the goal is to become a musician."" - @JamesClear","2020-11-23 07:01 +0000","128.0","2.0","0.015625","0.0","0.0","2.0","0.0","0.0","0.0","0.0","0.0","0","0","0","0","0","0","0","-","-","-","-","-","-","-","-","-","-","-","-","-","-","-","-","-","-"
"1330750024091717632","https://twitter.com/harishkgarg/status/1330750024091717632","@XianL1 WordPress - Faster for building blogs, simple websites without lot of backend complexity.

Coding - More flexibility in building complex web apps.

there is 3rd option these days - use one of the NoCode tools to suit the kind of website or web app you are building.","2020-11-23 05:48 +0000","101.0","4.0","0.039603960396039604","0.0","0.0","3.0","1.0","0.0","0.0","0.0","0.0","0","0","0","0","0","0","0","-","-","-","-","-","-","-","-","-","-","-","-","-","-","-","-","-","-"
"1330743272940077061","https://twitter.com/harishkgarg/status/1330743272940077061","Today is üëákind of day https://t.co/vGWnUDeIh2","2020-11-23 05:21 +0000","130.0","0.0","0.0","0.0","0.0","0.0","0.0","0.0","0.0","0.0","0.0","0","0","0","0","0","0","0","-","-","-","-","-","-","-","-","-","-","-","-","-","-","-","-","-","-"
"1330694385088950272","https://twitter.com/harishkgarg/status/1330694385088950272","@cogentgene Why that multiple?","2020-11-23 02:07 +0000","21.0","1.0","0.047619047619047616","0.0","1.0","0.0","0.0","0.0","0.0","0.0","0.0","0","0","0","0","0","0","0","-","-","-","-","-","-","-","-","-","-","-","-","-","-","-","-","-","-"
"1330693317894443008","https://twitter.com/harishkgarg/status/1330693317894443008","@cogentgene Interesting.

One time deal in your pricing is around 3x annual.

Is that intentional?","2020-11-23 02:03 +0000","14.0","1.0","0.07142857142857142","0.0","1.0","0.0","0.0","0.0","0.0","0.0","0.0","0","0","0","0","0","0","0","-","-","-","-","-","-","-","-","-","-","-","-","-","-","-","-","-","-"
"1330691583235112960","https://twitter.com/harishkgarg/status/1330691583235112960","@GetTheAudience Congratulations üëè","2020-11-23 01:56 +0000","38.0","1.0","0.02631578947368421","0.0","1.0","0.0","0.0","0.0","0.0","0.0","0.0","0","0","0","0","0","0","0","-","-","-","-","-","-","-","-","-","-","-","-","-","-","-","-","-","-"
"1330540253690671111","https://twitter.com/harishkgarg/status/1330540253690671111","@GetTheAudience Tweet shows up fine in browser. I am seeing this on Chrome Android. https://t.co/eI4AF78aE0","2020-11-22 15:54 +0000","22.0","3.0","0.13636363636363635","0.0","1.0","0.0","0.0","0.0","0.0","0.0","0.0","0","0","0","0","0","2","2","-","-","-","-","-","-","-","-","-","-","-","-","-","-","-","-","-","-"
"1330538100632772611","https://twitter.com/harishkgarg/status/1330538100632772611","Absolutely. https://t.co/Ogka4hauwB","2020-11-22 15:46 +0000","106.0","0.0","0.0","0.0","0.0","0.0","0.0","0.0","0.0","0.0","0.0","0","0","0","0","0","0","0","-","-","-","-","-","-","-","-","-","-","-","-","-","-","-","-","-","-"
"1330537929236574208","https://twitter.com/harishkgarg/status/1330537929236574208","@b0rk @Foxaelys Like the way you turned a constraint (RSI) into success.üëè","2020-11-22 15:45 +0000","99.0","4.0","0.04040404040404041","0.0","0.0","0.0","0.0","0.0","0.0","4.0","0.0","0","0","0","0","0","0","0","-","-","-","-","-","-","-","-","-","-","-","-","-","-","-","-","-","-"
"1330535997193351169","https://twitter.com/harishkgarg/status/1330535997193351169","@GetTheAudience Awesome blog post.üëçüèΩ

""cookbook"" product use case is a great hook.","2020-11-22 15:37 +0000","43.0","3.0","0.06976744186046512","0.0","1.0","1.0","0.0","0.0","0.0","1.0","0.0","0","0","0","0","0","0","0","-","-","-","-","-","-","-","-","-","-","-","-","-","-","-","-","-","-"
"1330528788925452288","https://twitter.com/harishkgarg/status/1330528788925452288","@cogentgene @Growthfyi Yeah, I remember you telling me this. 

@AbhishekLpd had some recent success with reddit.","2020-11-22 15:09 +0000","39.0","5.0","0.1282051282051282","0.0","1.0","2.0","2.0","0.0","0.0","0.0","0.0","0","0","0","0","0","0","0","-","-","-","-","-","-","-","-","-","-","-","-","-","-","-","-","-","-"
"1330527727489781762","https://twitter.com/harishkgarg/status/1330527727489781762","@Growthfyi @cogentgene I have been good things about Reddit and Quora.

for Reddit, you might want to start with the sideproject sub.","2020-11-22 15:05 +0000","45.0","4.0","0.08888888888888889","0.0","2.0","0.0","0.0","0.0","0.0","2.0","0.0","0","0","0","0","0","0","0","-","-","-","-","-","-","-","-","-","-","-","-","-","-","-","-","-","-"
"1330498838575026178","https://twitter.com/harishkgarg/status/1330498838575026178","@visakanv That's a deadly combination right there.üòÇ","2020-11-22 13:10 +0000","318.0","7.0","0.0220125786163522","0.0","0.0","1.0","0.0","0.0","0.0","6.0","0.0","0","0","0","0","0","0","0","-","-","-","-","-","-","-","-","-","-","-","-","-","-","-","-","-","-"
"1330445200670429184","https://twitter.com/harishkgarg/status/1330445200670429184","@WankhadeRutik The one in the pinned tweet looks good.","2020-11-22 09:37 +0000","74.0","6.0","0.08108108108108109","0.0","0.0","1.0","2.0","0.0","0.0","3.0","0.0","0","0","0","0","0","0","0","-","-","-","-","-","-","-","-","-","-","-","-","-","-","-","-","-","-"
"1330442375747891202","https://twitter.com/harishkgarg/status/1330442375747891202","@brunoraljic The high one gets from this is üî•
But the next day fall is a bit disheartening https://t.co/lzrAyLBiJq","2020-11-22 09:25 +0000","111.0","22.0","0.1981981981981982","0.0","0.0","0.0","1.0","0.0","0.0","1.0","0.0","0","0","0","0","0","20","20","-","-","-","-","-","-","-","-","-","-","-","-","-","-","-","-","-","-"
"1330440866465533956","https://twitter.com/harishkgarg/status/1330440866465533956","@jakobgreenfeld Messaging? Secret Message? ü§î","2020-11-22 09:19 +0000","99.0","1.0","0.010101010101010102","0.0","0.0","1.0","0.0","0.0","0.0","0.0","0.0","0","0","0","0","0","0","0","-","-","-","-","-","-","-","-","-","-","-","-","-","-","-","-","-","-"
"1330440569156341760","https://twitter.com/harishkgarg/status/1330440569156341760","@arvidkahl ""A broken link is a broken promise."" sounds Intriguing. Makes me want to keep reading.

""Links that last"" is good but I prefer other one.","2020-11-22 09:18 +0000","118.0","13.0","0.11016949152542373","0.0","0.0","2.0","3.0","0.0","0.0","8.0","0.0","0","0","0","0","0","0","0","-","-","-","-","-","-","-","-","-","-","-","-","-","-","-","-","-","-"
"1330438037692579845","https://twitter.com/harishkgarg/status/1330438037692579845","He went from 150 to ~ 8K followers in &lt; 24 hours with one tweet.üëáüèΩ https://t.co/xU6GbDGjmJ","2020-11-22 09:08 +0000","287.0","17.0","0.059233449477351915","0.0","2.0","3.0","0.0","0.0","0.0","12.0","0.0","0","0","0","0","0","0","0","-","-","-","-","-","-","-","-","-","-","-","-","-","-","-","-","-","-"
"1330194865674723333","https://twitter.com/harishkgarg/status/1330194865674723333","@vponamariov 2nd one.

Till it becomes too old. Let's say more then 24 hrs.","2020-11-21 17:02 +0000","76.0","4.0","0.05263157894736842","0.0","0.0","1.0","0.0","0.0","0.0","2.0","0.0","0","0","0","0","0","1","1","-","-","-","-","-","-","-","-","-","-","-","-","-","-","-","-","-","-"
"1330145596997562371","https://twitter.com/harishkgarg/status/1330145596997562371","@nocodelife Ans: uh, making a living?","2020-11-21 13:46 +0000","101.0","1.0","0.009900990099009901","0.0","0.0","0.0","0.0","0.0","0.0","1.0","0.0","0","0","0","0","0","0","0","-","-","-","-","-","-","-","-","-","-","-","-","-","-","-","-","-","-"
"1329798395444166656","https://twitter.com/harishkgarg/status/1329798395444166656","@arvidkahl Interesting newsletter today. Made me really curious how you would actually implement the up-sell in the end.","2020-11-20 14:46 +0000","685.0","13.0","0.01897810218978102","0.0","1.0","3.0","1.0","0.0","0.0","8.0","0.0","0","0","0","0","0","0","0","-","-","-","-","-","-","-","-","-","-","-","-","-","-","-","-","-","-"
"1329789980881817600","https://twitter.com/harishkgarg/status/1329789980881817600","@jdnoc is doing something really interesting here.

I will be watching his progress as he builds his knowledge and a product in a completely new domain to him. https://t.co/cBXbrrYKzh","2020-11-20 14:13 +0000","43.0","1.0","0.023255813953488372","0.0","0.0","1.0","0.0","0.0","0.0","0.0","0.0","0","0","0","0","0","0","0","-","-","-","-","-","-","-","-","-","-","-","-","-","-","-","-","-","-"
"1329784123859189763","https://twitter.com/harishkgarg/status/1329784123859189763","@Growthfyi üëáüèΩThis is why

https://t.co/1eBH7yrV5N","2020-11-20 13:50 +0000","32.0","3.0","0.09375","0.0","1.0","1.0","1.0","0.0","0.0","0.0","0.0","0","0","0","0","0","0","0","-","-","-","-","-","-","-","-","-","-","-","-","-","-","-","-","-","-"
"1329782646382100482","https://twitter.com/harishkgarg/status/1329782646382100482","‚ÄúTo do original work: It‚Äôs not necessary to know something nobody else knows. It is necessary to believe something few other people believe.‚Äù

-- @tferriss in Tools of Titans","2020-11-20 13:44 +0000","190.0","3.0","0.015789473684210527","1.0","0.0","2.0","0.0","0.0","0.0","0.0","0.0","0","0","0","0","0","0","0","-","-","-","-","-","-","-","-","-","-","-","-","-","-","-","-","-","-"
"1329780263497256961","https://twitter.com/harishkgarg/status/1329780263497256961","@PierreDeWulf üôåüèΩ
You could build and sell a guide out of this thread on @gumroad","2020-11-20 13:34 +0000","2458.0","20.0","0.008136696501220505","0.0","0.0","7.0","10.0","0.0","0.0","3.0","0.0","0","0","0","0","0","0","0","-","-","-","-","-","-","-","-","-","-","-","-","-","-","-","-","-","-"
"1329780068114067459","https://twitter.com/harishkgarg/status/1329780068114067459","Practical advice to find and validate ideas for side projects.üëáüèΩ https://t.co/qIQhWDU4LQ","2020-11-20 13:34 +0000","145.0","0.0","0.0","0.0","0.0","0.0","0.0","0.0","0.0","0.0","0.0","0","0","0","0","0","0","0","-","-","-","-","-","-","-","-","-","-","-","-","-","-","-","-","-","-"
"1329685681979883521","https://twitter.com/harishkgarg/status/1329685681979883521","Does having a .com domain a big deal still?","2020-11-20 07:19 +0000","147.0","4.0","0.027210884353741496","0.0","0.0","2.0","0.0","0.0","0.0","2.0","0.0","0","0","0","0","0","0","0","-","-","-","-","-","-","-","-","-","-","-","-","-","-","-","-","-","-"
"1329680173755629569","https://twitter.com/harishkgarg/status/1329680173755629569","@JanelSGM üëçüèΩon PH.","2020-11-20 06:57 +0000","53.0","1.0","0.018867924528301886","0.0","0.0","1.0","0.0","0.0","0.0","0.0","0.0","0","0","0","0","0","0","0","-","-","-","-","-","-","-","-","-","-","-","-","-","-","-","-","-","-"
"1329676342456053761","https://twitter.com/harishkgarg/status/1329676342456053761","@mijustin Was asked this recently - ""Don't you get bored staring at that laptop screen?""

ü§î","2020-11-20 06:41 +0000","123.0","4.0","0.032520325203252036","0.0","0.0","2.0","1.0","0.0","0.0","1.0","0.0","0","0","0","0","0","0","0","-","-","-","-","-","-","-","-","-","-","-","-","-","-","-","-","-","-"
"1329672366532685824","https://twitter.com/harishkgarg/status/1329672366532685824","@jarroddicker @gumroad / @shl doing this quite well too.

Multiple people working there have successful products selling via @gumroad","2020-11-20 06:26 +0000","105.0","1.0","0.009523809523809525","0.0","0.0","1.0","0.0","0.0","0.0","0.0","0.0","0","0","0","0","0","0","0","-","-","-","-","-","-","-","-","-","-","-","-","-","-","-","-","-","-"
"1328927588819951616","https://twitter.com/harishkgarg/status/1328927588819951616","He is right. https://t.co/RVoseNt4Wc","2020-11-18 05:06 +0000","131.0","7.0","0.05343511450381679","0.0","0.0","0.0","0.0","0.0","0.0","1.0","0.0","0","0","0","0","0","6","6","-","-","-","-","-","-","-","-","-","-","-","-","-","-","-","-","-","-"
"1328710075557429248","https://twitter.com/harishkgarg/status/1328710075557429248","@MichaelDBrant @GetMakerlog git push(deploys to Netlify)","2020-11-17 14:42 +0000","86.0","1.0","0.011627906976744186","0.0","0.0","1.0","0.0","0.0","0.0","0.0","0.0","0","0","0","0","0","0","0","-","-","-","-","-","-","-","-","-","-","-","-","-","-","-","-","-","-"
"1328291954606493697","https://twitter.com/harishkgarg/status/1328291954606493697","@jrleonr Done.","2020-11-16 11:00 +0000","51.0","1.0","0.0196078431372549","0.0","0.0","1.0","0.0","0.0","0.0","0.0","0.0","0","0","0","0","0","0","0","-","-","-","-","-","-","-","-","-","-","-","-","-","-","-","-","-","-"
"1328164221083762688","https://twitter.com/harishkgarg/status/1328164221083762688","All these could be true at the same time

- bigger financial cushion is better.
- it's ok to quit one thing and start another
- creating is not enough. Promote your creation. Everyday. 
- one person's failure or success lessons may not apply to another. Choose your own path","2020-11-16 02:33 +0000","141.0","3.0","0.02127659574468085","0.0","1.0","1.0","0.0","0.0","0.0","1.0","0.0","0","0","0","0","0","0","0","-","-","-","-","-","-","-","-","-","-","-","-","-","-","-","-","-","-"
"1328021312569131008","https://twitter.com/harishkgarg/status/1328021312569131008","üëáüèΩThis x100.

Don't let ""I am going to build with fancy tech"" become another form of procrasination. https://t.co/9PcXAK5ZoN","2020-11-15 17:05 +0000","130.0","1.0","0.007692307692307693","0.0","0.0","1.0","0.0","0.0","0.0","0.0","0.0","0","0","0","0","0","0","0","-","-","-","-","-","-","-","-","-","-","-","-","-","-","-","-","-","-"
"1327888280445018112","https://twitter.com/harishkgarg/status/1327888280445018112","@billyisyoung An awesomeüëèüèΩ example of getting get at something by putting in enough reps.","2020-11-15 08:16 +0000","3883.0","12.0","0.003090394025238218","0.0","1.0","4.0","4.0","0.0","0.0","3.0","0.0","0","0","0","0","0","0","0","-","-","-","-","-","-","-","-","-","-","-","-","-","-","-","-","-","-"
"1327245336985780225","https://twitter.com/harishkgarg/status/1327245336985780225","@KingRomstar Would love to get you as an early access user for feedback,","2020-11-13 13:42 +0000","23.0","4.0","0.17391304347826086","0.0","1.0","1.0","0.0","0.0","0.0","2.0","0.0","0","0","0","0","0","0","0","-","-","-","-","-","-","-","-","-","-","-","-","-","-","-","-","-","-"
"1327244863641776130","https://twitter.com/harishkgarg/status/1327244863641776130","@KingRomstar Twitter Analytics, done right.","2020-11-13 13:40 +0000","23.0","4.0","0.17391304347826086","0.0","1.0","1.0","0.0","0.0","0.0","2.0","0.0","0","0","0","0","0","0","0","-","-","-","-","-","-","-","-","-","-","-","-","-","-","-","-","-","-"
"1327241930674036736","https://twitter.com/harishkgarg/status/1327241930674036736","Started putting together features list/todos for the app and categorizing them according to when they are needed to be done. https://t.co/j6U4gnGaea","2020-11-13 13:28 +0000","161.0","6.0","0.037267080745341616","0.0","1.0","2.0","0.0","0.0","0.0","0.0","0.0","0","0","0","0","0","3","3","-","-","-","-","-","-","-","-","-","-","-","-","-","-","-","-","-","-"
"1327239646246445059","https://twitter.com/harishkgarg/status/1327239646246445059","@arvidkahl I would 
- keep the $25 tier and cap it - say 100 books.
-  add the enterprise tier now rather than later as you have planned. Contact us for price instead of automatic sign-up.

or make everything metered.
- Adding a book +x price with discounting for multiple books","2020-11-13 13:19 +0000","54.0","4.0","0.07407407407407407","0.0","1.0","1.0","1.0","0.0","0.0","1.0","0.0","0","0","0","0","0","0","0","-","-","-","-","-","-","-","-","-","-","-","-","-","-","-","-","-","-"
"1327228960019648512","https://twitter.com/harishkgarg/status/1327228960019648512","@arvidkahl Everything unlimited for Publisher tier at $25 mo seems quite low.","2020-11-13 12:36 +0000","241.0","2.0","0.008298755186721992","0.0","1.0","1.0","0.0","0.0","0.0","0.0","0.0","0","0","0","0","0","0","0","-","-","-","-","-","-","-","-","-","-","-","-","-","-","-","-","-","-"
"1326812431130132480","https://twitter.com/harishkgarg/status/1326812431130132480","I don't think that adds up. https://t.co/Jslz6GXKXZ","2020-11-12 09:01 +0000","193.0","24.0","0.12435233160621761","0.0","1.0","1.0","2.0","0.0","0.0","4.0","0.0","0","0","0","0","0","16","16","-","-","-","-","-","-","-","-","-","-","-","-","-","-","-","-","-","-"
"1326806887296192512","https://twitter.com/harishkgarg/status/1326806887296192512","@GetTheAudience Absolutely üëç

Will DM you once early access is available.","2020-11-12 08:39 +0000","42.0","2.0","0.047619047619047616","0.0","1.0","1.0","0.0","0.0","0.0","0.0","0.0","0","0","0","0","0","0","0","-","-","-","-","-","-","-","-","-","-","-","-","-","-","-","-","-","-"
"1326795896084893703","https://twitter.com/harishkgarg/status/1326795896084893703","I am.putting SiteStatusHQ dot com on sale.

I have moved on to something more exciting for me

Right now it's just a domain name with a landing page with a email collection form.

App code is not complete.
DM for more details","2020-11-12 07:56 +0000","162.0","3.0","0.018518518518518517","0.0","0.0","1.0","1.0","0.0","0.0","1.0","0.0","0","0","0","0","0","0","0","-","-","-","-","-","-","-","-","-","-","-","-","-","-","-","-","-","-"
"1326794059097182209","https://twitter.com/harishkgarg/status/1326794059097182209","That's why I am working on a better twitter stats dashboard.

It will measure virality and consistency seperately.

Consistency is what matters for long term games.

A viral event here and there is more like chugging a red bull to pull a all nighter.","2020-11-12 07:48 +0000","166.0","3.0","0.018072289156626505","0.0","0.0","1.0","2.0","0.0","0.0","0.0","0.0","0","0","0","0","0","0","0","-","-","-","-","-","-","-","-","-","-","-","-","-","-","-","-","-","-"
"1326791827786174465","https://twitter.com/harishkgarg/status/1326791827786174465","Average or the mean is a lousy measure of anything.

Case in point.(pic)

Consistency is better measured by the median. https://t.co/z4BfleznNG","2020-11-12 07:39 +0000","195.0","13.0","0.06666666666666667","0.0","1.0","1.0","3.0","0.0","0.0","2.0","0.0","0","0","0","0","0","6","6","-","-","-","-","-","-","-","-","-","-","-","-","-","-","-","-","-","-"
"1326774152666157058","https://twitter.com/harishkgarg/status/1326774152666157058","Being one of the people with small follower count, I second this x100 ,üòÇ https://t.co/ky3zD08DKU","2020-11-12 06:29 +0000","186.0","6.0","0.03225806451612903","0.0","1.0","4.0","0.0","0.0","0.0","1.0","0.0","0","0","0","0","0","0","0","-","-","-","-","-","-","-","-","-","-","-","-","-","-","-","-","-","-"
"1326773814110380033","https://twitter.com/harishkgarg/status/1326773814110380033","@RandallKanna And definitely don't drop your number and ask them to call you back.ü§∑‚Äç‚ôÇÔ∏è","2020-11-12 06:28 +0000","236.0","4.0","0.01694915254237288","0.0","0.0","3.0","0.0","0.0","0.0","1.0","0.0","0","0","0","0","0","0","0","-","-","-","-","-","-","-","-","-","-","-","-","-","-","-","-","-","-"
"1326753573372227585","https://twitter.com/harishkgarg/status/1326753573372227585","@domtouche @mkobach @Airbnb You are right there. 

My assertion was more true for non-parents.","2020-11-12 05:07 +0000","64.0","0.0","0.0","0.0","0.0","0.0","0.0","0.0","0.0","0.0","0.0","0","0","0","0","0","0","0","-","-","-","-","-","-","-","-","-","-","-","-","-","-","-","-","-","-"
"1326726606119821313","https://twitter.com/harishkgarg/status/1326726606119821313","@mkobach @Airbnb My prediction is this kind of thing would become more prevalent, especially post COVID-19.

Most people are sick of living in a single spot and covid-19 lockdowns made them realize it more strongly.","2020-11-12 03:20 +0000","898.0","5.0","0.005567928730512249","0.0","1.0","3.0","0.0","0.0","0.0","1.0","0.0","0","0","0","0","0","0","0","-","-","-","-","-","-","-","-","-","-","-","-","-","-","-","-","-","-"
"1326724823666454528","https://twitter.com/harishkgarg/status/1326724823666454528","I missed listening to @tferriss  Terry Laughin Episode when it came out. 

Listened and it resonated with me so much, being a late learner in lot of life skills, including swimming(30s).

It's never late to learn something new. 

https://t.co/tSf3e62gxx","2020-11-12 03:13 +0000","78249.0","716.0","0.009150276680852151","6.0","0.0","75.0","92.0","303.0","0.0","240.0","0.0","0","0","0","0","0","0","0","-","-","-","-","-","-","-","-","-","-","-","-","-","-","-","-","-","-"
"1326721175578312705","https://twitter.com/harishkgarg/status/1326721175578312705","@IndieHackers Brutally honest feedback.","2020-11-12 02:59 +0000","45.0","0.0","0.0","0.0","0.0","0.0","0.0","0.0","0.0","0.0","0.0","0","0","0","0","0","0","0","-","-","-","-","-","-","-","-","-","-","-","-","-","-","-","-","-","-"
"1326557746464915456","https://twitter.com/harishkgarg/status/1326557746464915456","Working on some new chart styles. https://t.co/rSajjEJPhy","2020-11-11 16:09 +0000","131.0","7.0","0.05343511450381679","0.0","0.0","1.0","1.0","0.0","0.0","0.0","0.0","0","0","0","0","0","5","5","-","-","-","-","-","-","-","-","-","-","-","-","-","-","-","-","-","-"
"1326534647052820483","https://twitter.com/harishkgarg/status/1326534647052820483","Same way, I realized, I was building https://t.co/gn2tNJLpxn for others and was not really motivated at all.","2020-11-11 14:38 +0000","105.0","1.0","0.009523809523809525","0.0","0.0","0.0","0.0","1.0","0.0","0.0","0.0","0","0","0","0","0","0","0","-","-","-","-","-","-","-","-","-","-","-","-","-","-","-","-","-","-"
"1326465424964296704","https://twitter.com/harishkgarg/status/1326465424964296704","@JanelSGM Challenge accepted. 

Home schooling.

ü§î","2020-11-11 10:02 +0000","81.0","2.0","0.024691358024691357","0.0","1.0","0.0","1.0","0.0","0.0","0.0","0.0","0","0","0","0","0","0","0","-","-","-","-","-","-","-","-","-","-","-","-","-","-","-","-","-","-"
"1326464755557572609","https://twitter.com/harishkgarg/status/1326464755557572609","@Anushrut_K47 Depends on the host, the guest, or the topics.

A couple of podcasts, I will listen to every episode, no matter who's the guest. So this is because of the host. 

A few guests are worth listening to, whichever podcast they appear on.

The rest is about the topics.","2020-11-11 10:00 +0000","45.0","1.0","0.022222222222222223","0.0","0.0","1.0","0.0","0.0","0.0","0.0","0.0","0","0","0","0","0","0","0","-","-","-","-","-","-","-","-","-","-","-","-","-","-","-","-","-","-"
"1326325313324814336","https://twitter.com/harishkgarg/status/1326325313324814336","@shl Learning to NoCode is underrated.","2020-11-11 00:46 +0000","755.0","6.0","0.007947019867549669","0.0","0.0","2.0","3.0","0.0","0.0","1.0","0.0","0","0","0","0","0","0","0","-","-","-","-","-","-","-","-","-","-","-","-","-","-","-","-","-","-"
"1326266087957168129","https://twitter.com/harishkgarg/status/1326266087957168129","@suavelambi Convertkit","2020-11-10 20:50 +0000","67.0","8.0","0.11940298507462686","0.0","1.0","1.0","3.0","0.0","0.0","3.0","0.0","0","0","0","0","0","0","0","-","-","-","-","-","-","-","-","-","-","-","-","-","-","-","-","-","-"
"1326130718863314945","https://twitter.com/harishkgarg/status/1326130718863314945","Reddit: Your post was deleted. https://t.co/jORw6CHz08","2020-11-10 11:52 +0000","203.0","9.0","0.04433497536945813","0.0","1.0","4.0","1.0","0.0","0.0","3.0","0.0","0","0","0","0","0","0","0","-","-","-","-","-","-","-","-","-","-","-","-","-","-","-","-","-","-"
"1326002910065381376","https://twitter.com/harishkgarg/status/1326002910065381376","@brandonthezhang Engagement &gt; Impressions or Follower count","2020-11-10 03:25 +0000","89.0","5.0","0.056179775280898875","0.0","1.0","2.0","0.0","0.0","0.0","2.0","0.0","0","0","0","0","0","0","0","-","-","-","-","-","-","-","-","-","-","-","-","-","-","-","-","-","-"
"1325995283407282177","https://twitter.com/harishkgarg/status/1325995283407282177","@mohitbn @JamesClear You have converted the concept into a formula. üëèüèΩ

Using the concept, I have gone from...

üí°Idea -&gt; Buy a Domain -&gt; üë®üèΩ‚ÄçüíªBuild 

to

üí°Idea -&gt; write everything down -&gt; Re-visit and update -&gt; Maybe, build, if still feel good.","2020-11-10 02:54 +0000","69.0","7.0","0.10144927536231885","0.0","0.0","1.0","3.0","0.0","0.0","3.0","0.0","0","0","0","0","0","0","0","-","-","-","-","-","-","-","-","-","-","-","-","-","-","-","-","-","-"
"1325714722805575685","https://twitter.com/harishkgarg/status/1325714722805575685","@brunoraljic @arvidkahl I need to find a ""Arvid"" tooüòÑ","2020-11-09 08:19 +0000","74.0","5.0","0.06756756756756757","0.0","0.0","2.0","1.0","0.0","0.0","2.0","0.0","0","0","0","0","0","0","0","-","-","-","-","-","-","-","-","-","-","-","-","-","-","-","-","-","-"
"1325707700601192448","https://twitter.com/harishkgarg/status/1325707700601192448","Write more words, not just code. https://t.co/2NSBU4lGEO","2020-11-09 07:52 +0000","159.0","0.0","0.0","0.0","0.0","0.0","0.0","0.0","0.0","0.0","0.0","0","0","0","0","0","0","0","-","-","-","-","-","-","-","-","-","-","-","-","-","-","-","-","-","-"
"1325641814452236288","https://twitter.com/harishkgarg/status/1325641814452236288","@JamesonCamp https://t.co/hsXmLNnf7L","2020-11-09 03:30 +0000","93.0","8.0","0.08602150537634409","0.0","0.0","1.0","0.0","7.0","0.0","0.0","0.0","0","0","0","0","0","0","0","-","-","-","-","-","-","-","-","-","-","-","-","-","-","-","-","-","-"
"1325641283587641344","https://twitter.com/harishkgarg/status/1325641283587641344","@Julian Within the country or Abroad too?","2020-11-09 03:28 +0000","1542.0","5.0","0.00324254215304799","0.0","0.0","0.0","1.0","0.0","0.0","4.0","0.0","0","0","0","0","0","0","0","-","-","-","-","-","-","-","-","-","-","-","-","-","-","-","-","-","-"
"1325621418348875781","https://twitter.com/harishkgarg/status/1325621418348875781","@JamesClear Write down the idea. Not just a single sentence. But with as many details as possible.

Revisit what you wrote after the initial rush you felt passes.

If you still feel even half the enthusiasm when you wrote it, then this is an idea worth pursuing.","2020-11-09 02:09 +0000","783.0","9.0","0.011494252873563218","0.0","1.0","5.0","2.0","0.0","0.0","1.0","0.0","0","0","0","0","0","0","0","-","-","-","-","-","-","-","-","-","-","-","-","-","-","-","-","-","-"
"1325425495773650944","https://twitter.com/harishkgarg/status/1325425495773650944","@soheilpro try https://t.co/GtOY5FJp4p also. Unlike, others, they tend to not delete posts with links.","2020-11-08 13:10 +0000","54.0","5.0","0.09259259259259259","0.0","1.0","0.0","1.0","3.0","0.0","0.0","0.0","0","0","0","0","0","0","0","-","-","-","-","-","-","-","-","-","-","-","-","-","-","-","-","-","-"
"1325333546160934912","https://twitter.com/harishkgarg/status/1325333546160934912","@hipreetam93 I see it. Well done. üëèüèΩ

How to see this check search performance shown in the image in this tweet?","2020-11-08 07:05 +0000","223.0","2.0","0.008968609865470852","0.0","1.0","1.0","0.0","0.0","0.0","0.0","0.0","0","0","0","0","0","0","0","-","-","-","-","-","-","-","-","-","-","-","-","-","-","-","-","-","-"
"1325303329816109059","https://twitter.com/harishkgarg/status/1325303329816109059","@panphora @AbhishekLpd @weekendclubHQ Audience Building / Getting First users.","2020-11-08 05:05 +0000","146.0","4.0","0.0273972602739726","0.0","1.0","2.0","1.0","0.0","0.0","0.0","0.0","0","0","0","0","0","0","0","-","-","-","-","-","-","-","-","-","-","-","-","-","-","-","-","-","-"
"1325116337820065793","https://twitter.com/harishkgarg/status/1325116337820065793","Old but gold by @G_S_Bhogal. Especially relevant for 2020. https://t.co/N35RJmMIfn","2020-11-07 16:42 +0000","173.0","1.0","0.005780346820809248","0.0","0.0","1.0","0.0","0.0","0.0","0.0","0.0","0","0","0","0","0","0","0","-","-","-","-","-","-","-","-","-","-","-","-","-","-","-","-","-","-"
"1325098309187371013","https://twitter.com/harishkgarg/status/1325098309187371013","@sxsio @carbon_app @getScreely @drawio @canva @unDraw_co Another great find (via a tweet from @wassimdotco)

Screenshot API - @apiflash_com","2020-11-07 15:30 +0000","73.0","3.0","0.0410958904109589","0.0","1.0","1.0","1.0","0.0","0.0","0.0","0.0","0","0","0","0","0","0","0","-","-","-","-","-","-","-","-","-","-","-","-","-","-","-","-","-","-"
"1325093087589232640","https://twitter.com/harishkgarg/status/1325093087589232640","or maybe Learn to #NoCode https://t.co/QoanJW2ZOJ","2020-11-07 15:09 +0000","284.0","6.0","0.02112676056338028","1.0","0.0","5.0","0.0","0.0","0.0","0.0","0.0","0","0","0","0","0","0","0","-","-","-","-","-","-","-","-","-","-","-","-","-","-","-","-","-","-"
"1325085890192969728","https://twitter.com/harishkgarg/status/1325085890192969728","@AbhishekLpd @panphora @weekendclubHQ is this going to be public? would love to watch.","2020-11-07 14:41 +0000","83.0","4.0","0.04819277108433735","0.0","1.0","3.0","0.0","0.0","0.0","0.0","0.0","0","0","0","0","0","0","0","-","-","-","-","-","-","-","-","-","-","-","-","-","-","-","-","-","-"
"1325068193329684480","https://twitter.com/harishkgarg/status/1325068193329684480","@KennethCassel That's inspiring. üôåüèΩ

thanks for sharing.","2020-11-07 13:30 +0000","35.0","1.0","0.02857142857142857","0.0","0.0","1.0","0.0","0.0","0.0","0.0","0.0","0","0","0","0","0","0","0","-","-","-","-","-","-","-","-","-","-","-","-","-","-","-","-","-","-"
"1325065846989860864","https://twitter.com/harishkgarg/status/1325065846989860864","@KennethCassel How did you make the switch and what prompted it?","2020-11-07 13:21 +0000","31.0","1.0","0.03225806451612903","0.0","1.0","0.0","0.0","0.0","0.0","0.0","0.0","0","0","0","0","0","0","0","-","-","-","-","-","-","-","-","-","-","-","-","-","-","-","-","-","-"
"1325057372268556289","https://twitter.com/harishkgarg/status/1325057372268556289","@wassimdotco @IndieHackers @csallen @toolsforsaas DM to @rosiesherry helps. Worked for me.","2020-11-07 12:47 +0000","82.0","7.0","0.08536585365853659","0.0","1.0","2.0","1.0","0.0","0.0","3.0","0.0","0","0","0","0","0","0","0","-","-","-","-","-","-","-","-","-","-","-","-","-","-","-","-","-","-"
"1325036681234325505","https://twitter.com/harishkgarg/status/1325036681234325505","@IndieHackers Playüè∏, codeüë®‚Äçüíª and write ‚úçÔ∏è","2020-11-07 11:25 +0000","89.0","1.0","0.011235955056179775","0.0","0.0","0.0","1.0","0.0","0.0","0.0","0.0","0","0","0","0","0","0","0","-","-","-","-","-","-","-","-","-","-","-","-","-","-","-","-","-","-"
"1325008092166119425","https://twitter.com/harishkgarg/status/1325008092166119425","@soheilpro @vponamariov @hnshah @fajarsiddiqFS Like the clean design for https://t.co/h1Ze4nj7Fh

I feel the sub-headline could use another sentence.  Like for example something that tells users they can send emails to multiple customers at the same time.","2020-11-07 09:32 +0000","58.0","1.0","0.017241379310344827","0.0","1.0","0.0","0.0","0.0","0.0","0.0","0.0","0","0","0","0","0","0","0","-","-","-","-","-","-","-","-","-","-","-","-","-","-","-","-","-","-"
"1325007087819059200","https://twitter.com/harishkgarg/status/1325007087819059200","@whizzzoe @jimkwik watching right now. thanks for the suggestion.","2020-11-07 09:28 +0000","91.0","3.0","0.03296703296703297","0.0","1.0","1.0","1.0","0.0","0.0","0.0","0.0","0","0","0","0","0","0","0","-","-","-","-","-","-","-","-","-","-","-","-","-","-","-","-","-","-"
"1325006736437116928","https://twitter.com/harishkgarg/status/1325006736437116928","@RikNieu @SubstackInc Assuming you mean a newsletter.

I am building https://t.co/81qNKCZTjA

- Landing Page is HTML/CSS(bootstrap). 
- Hosted on Netlify.
- Email capture and broadcast through @ConvertKit 

I am not looking at making it paid anytime soon.","2020-11-07 09:26 +0000","48.0","3.0","0.0625","0.0","0.0","1.0","0.0","1.0","0.0","1.0","0.0","0","0","0","0","0","0","0","-","-","-","-","-","-","-","-","-","-","-","-","-","-","-","-","-","-"
"1324981721670901763","https://twitter.com/harishkgarg/status/1324981721670901763","@wassimdotco @airtable @GatsbyJS @Netlify @vercel @algolia Why @airtable for data?","2020-11-07 07:47 +0000","41.0","0.0","0.0","0.0","0.0","0.0","0.0","0.0","0.0","0.0","0.0","0","0","0","0","0","0","0","-","-","-","-","-","-","-","-","-","-","-","-","-","-","-","-","-","-"
"1324739460299284483","https://twitter.com/harishkgarg/status/1324739460299284483","@sxsio @carbon_app @getScreely @drawio thanks for sharing these. 

I have used...
@canva  - for simple designs
@unDraw_co - for SVG illustrations.

Also, not yet used but might soon...
https://t.co/ZzPdscGpQ6 - for background patterns","2020-11-06 15:44 +0000","117.0","10.0","0.08547008547008547","0.0","1.0","2.0","1.0","4.0","0.0","2.0","0.0","0","0","0","0","0","0","0","-","-","-","-","-","-","-","-","-","-","-","-","-","-","-","-","-","-"
"1324737272135053318","https://twitter.com/harishkgarg/status/1324737272135053318","@KingRomstar Will do. thanks for reco.üôåüèΩ","2020-11-06 15:35 +0000","16.0","1.0","0.0625","0.0","0.0","1.0","0.0","0.0","0.0","0.0","0.0","0","0","0","0","0","0","0","-","-","-","-","-","-","-","-","-","-","-","-","-","-","-","-","-","-"
"1324728280843317248","https://twitter.com/harishkgarg/status/1324728280843317248","@JanelSGM This looks üî•

Also, reminds me of the actual box sets of software we used to ship at my last corporate job, a few years back.","2020-11-06 15:00 +0000","127.0","6.0","0.047244094488188976","0.0","1.0","2.0","0.0","0.0","0.0","3.0","0.0","0","0","0","0","0","0","0","-","-","-","-","-","-","-","-","-","-","-","-","-","-","-","-","-","-"
"1324725351658876928","https://twitter.com/harishkgarg/status/1324725351658876928","Excellent thread on how to find ideas on what to build from @PierreDeWulf https://t.co/7IchTLIrv2","2020-11-06 14:48 +0000","169.0","2.0","0.011834319526627219","0.0","0.0","2.0","0.0","0.0","0.0","0.0","0.0","0","0","0","0","0","0","0","-","-","-","-","-","-","-","-","-","-","-","-","-","-","-","-","-","-"
"1324709210723028992","https://twitter.com/harishkgarg/status/1324709210723028992","The look on the interviewer's face. https://t.co/jJqcAe1Pqu","2020-11-06 13:44 +0000","220.0","6.0","0.02727272727272727","1.0","0.0","3.0","0.0","0.0","0.0","2.0","0.0","0","0","0","0","0","0","0","-","-","-","-","-","-","-","-","-","-","-","-","-","-","-","-","-","-"
"1324688557491986432","https://twitter.com/harishkgarg/status/1324688557491986432","@brunoraljic Good way to put it.üëè

I have been guilty of getting lost in develop and spending no or very less time in sales.

Trying to change that.","2020-11-06 12:22 +0000","160.0","8.0","0.05","0.0","1.0","0.0","1.0","0.0","0.0","6.0","0.0","0","0","0","0","0","0","0","-","-","-","-","-","-","-","-","-","-","-","-","-","-","-","-","-","-"
"1324685726169014273","https://twitter.com/harishkgarg/status/1324685726169014273","@IndieHackers Ship Makers' Playbook database soon.
Write a report every other day for Makers' Playbook newsletter.
Build something out of the twitter stats idea.

Just put my head down and get above done and not start anything else.","2020-11-06 12:11 +0000","148.0","2.0","0.013513513513513514","0.0","0.0","0.0","2.0","0.0","0.0","0.0","0.0","0","0","0","0","0","0","0","-","-","-","-","-","-","-","-","-","-","-","-","-","-","-","-","-","-"
"1324684552690790400","https://twitter.com/harishkgarg/status/1324684552690790400","@ArrigoLupori @KoalaRank Remove the koala but keep the up arrow.","2020-11-06 12:06 +0000","33.0","1.0","0.030303030303030304","0.0","0.0","0.0","0.0","0.0","0.0","1.0","0.0","0","0","0","0","0","0","0","-","-","-","-","-","-","-","-","-","-","-","-","-","-","-","-","-","-"
"1324610962201014272","https://twitter.com/harishkgarg/status/1324610962201014272","@diana_valeanu Illustrations on @madebyabsurd are really cool. üëè","2020-11-06 07:13 +0000","80.0","5.0","0.0625","0.0","1.0","1.0","0.0","0.0","0.0","3.0","0.0","0","0","0","0","0","0","0","-","-","-","-","-","-","-","-","-","-","-","-","-","-","-","-","-","-"
"1324573915574792193","https://twitter.com/harishkgarg/status/1324573915574792193","- Being consistent while going alone is extremely difficult.
- Accountability Partners can do wonders for building consistency.
- It's all about strong habit formation.","2020-11-06 04:46 +0000","131.0","0.0","0.0","0.0","0.0","0.0","0.0","0.0","0.0","0.0","0.0","0","0","0","0","0","0","0","-","-","-","-","-","-","-","-","-","-","-","-","-","-","-","-","-","-"
"1324573605326254080","https://twitter.com/harishkgarg/status/1324573605326254080","How To Be Incredibly Consistent?

I found this awesome channel on Youtube recently called - ""The Art of Improvement""

This particular video talks about how to be more consistent with whatever you are doing.

https://t.co/2iS1IiVNMY","2020-11-06 04:45 +0000","173.0","10.0","0.057803468208092484","0.0","3.0","2.0","0.0","0.0","0.0","3.0","0.0","1","0","0","0","0","1","1","-","-","-","-","-","-","-","-","-","-","-","-","-","-","-","-","-","-"
"1324555628094746626","https://twitter.com/harishkgarg/status/1324555628094746626","I am starting to do more of the first

Two digital assets I am ""building for myself first""

- https://t.co/81qNKCZTjA 
- https://t.co/c5ZVXX1mWD

And I can't wait for every day to start working on these. https://t.co/JxBg8ugCnK","2020-11-06 03:34 +0000","215.0","12.0","0.05581395348837209","0.0","1.0","0.0","0.0","7.0","0.0","4.0","0.0","0","0","0","0","0","0","0","-","-","-","-","-","-","-","-","-","-","-","-","-","-","-","-","-","-"
"1324554465161015296","https://twitter.com/harishkgarg/status/1324554465161015296","@jackbutcher Building for yourself also keeps you more motivated, longer.

And that can make a difference on the days the self-doubt hits you","2020-11-06 03:29 +0000","312.0","9.0","0.028846153846153848","0.0","0.0","5.0","0.0","0.0","0.0","4.0","0.0","0","0","0","0","0","0","0","-","-","-","-","-","-","-","-","-","-","-","-","-","-","-","-","-","-"
"1324534414374703105","https://twitter.com/harishkgarg/status/1324534414374703105","@dickiebush Signed-up. When is it starting?","2020-11-06 02:09 +0000","143.0","2.0","0.013986013986013986","0.0","0.0","0.0","2.0","0.0","0.0","0.0","0.0","0","0","0","0","0","0","0","-","-","-","-","-","-","-","-","-","-","-","-","-","-","-","-","-","-"
"1323997355859865600","https://twitter.com/harishkgarg/status/1323997355859865600","@arvidkahl Very true. The biggest company who has been most successful with this is Apple.","2020-11-04 14:35 +0000","32.0","0.0","0.0","0.0","0.0","0.0","0.0","0.0","0.0","0.0","0.0","0","0","0","0","0","0","0","-","-","-","-","-","-","-","-","-","-","-","-","-","-","-","-","-","-"
"1323643281855533063","https://twitter.com/harishkgarg/status/1323643281855533063","@jakobgreenfeld Product explorer just got a shoutout from  @DruRly  of https://t.co/z1yKWgTh8i https://t.co/epHyaMCz5g","2020-11-03 15:08 +0000","56.0","2.0","0.03571428571428571","0.0","0.0","2.0","0.0","0.0","0.0","0.0","0.0","0","0","0","0","0","0","0","-","-","-","-","-","-","-","-","-","-","-","-","-","-","-","-","-","-"
"1323320135772299264","https://twitter.com/harishkgarg/status/1323320135772299264","@5harath https://t.co/i1Q5K0Em2k","2020-11-02 17:44 +0000","139.0","3.0","0.02158273381294964","0.0","0.0","1.0","0.0","2.0","0.0","0.0","0.0","0","0","0","0","0","0","0","-","-","-","-","-","-","-","-","-","-","-","-","-","-","-","-","-","-"
"1322763350409842688","https://twitter.com/harishkgarg/status/1322763350409842688","Some nature therapy today https://t.co/oPYmTOTDEo","2020-11-01 04:52 +0000","167.0","21.0","0.12574850299401197","0.0","0.0","5.0","4.0","0.0","0.0","6.0","0.0","0","0","0","0","0","6","6","-","-","-","-","-","-","-","-","-","-","-","-","-","-","-","-","-","-"
